Workbook

Sheet Léame
A1: Plantilla del cuadro de cargas · guía «Cableado con criterio»
A2: Elaborado por Mg. Manuel Alejandro Obando · Departamento de Física, Universidad del Cauca
A4: Hojas: Cuadro (circuitos ramales), Demanda (método estándar de la NTC 2050), Acometida (calibre, totalizador y caída) y Tablas (conductores).
A5: Celdas azules: datos que cambia el equipo para su caso. Celdas negras: fórmulas; no las sobrescriba.
A6: Los calibres se escriben como texto (14, 12, 10, 1/0); las fórmulas buscan en la hoja Tablas.
A7: Los valores de la casa ejemplo coinciden con los capítulos 24 y 25 de la guía.
A9: Propuesta académica de coordinación; no apta para construcción. RETIE: Res. 40117 de 2024, modificada por las Res. 40304 de 2025 y 40284 de 2026.

Sheet Cuadro
A1: Cuadro de cargas · Casa ejemplo · vivienda de un piso en Popayán
A2: Monofásico trifilar 120/240 V · tablero TG · celdas azules: datos del caso; negras: fórmulas. Propuesta académica; no apta para construcción.
A4: Circuito | B4: Descripción | C4: Tensión (V) | D4: Fase | E4: Tomas generales (n) | F4: VA por toma | G4: Alumbrado y especiales (W) | H4: Mínimo por norma (VA) | I4: Carga (VA) | J4: Corriente (A) | K4: Protección (A) | L4: Conductor (AWG) | M4: Tierra (AWG) | N4: Tubo PVC (in) | O4: Iz 60 °C (A) | P4: Protección máx. (A) | Q4: Carga / protección | R4: Protección | S4: VA fase A | T4: VA fase B | U4: Longitud al más lejano (m) | V4: R 75 °C (Ω/km) | W4: Caída del ramal (%) | X4: Caída total (%) | Y4: Caída ≤ 5 %
A5: C1 | B5: Alumbrado general | C5: 120 | D5: A | E5: 0 | F5: 180 | G5: 242 | H5: 0 | I5: =MAX(E5*F5+G5,H5) | J5: =I5/C5 | K5: 15 | L5: 14 | M5: 14 | N5: 1/2 | O5: =VLOOKUP(L5&"",Tablas!$A$4:$F$12,3,FALSE) | P5: =VLOOKUP(L5&"",Tablas!$A$4:$F$12,5,FALSE) | Q5: =J5/K5 | R5: =IF(AND(K5>=J5,K5<=P5),"Cumple","Revisar") | S5: =IF(D5="A",I5,IF(D5="AB",I5/2,0)) | T5: =IF(D5="B",I5,IF(D5="AB",I5/2,0)) | U5: 14.46 | V5: =VLOOKUP(L5&"",Tablas!$A$4:$F$12,6,FALSE) | W5: =200*J5*V5/1000*U5/C5 | X5: =W5+Acometida!$B$10 | Y5: =IF(X5<=5,"Cumple","Revisar")
A6: C2 | B6: Tomas sala-comedor y exterior frontal | C6: 120 | D6: B | E6: 8 | F6: 180 | G6: 0 | H6: 0 | I6: =MAX(E6*F6+G6,H6) | J6: =I6/C6 | K6: 20 | L6: 12 | M6: 12 | N6: 1/2 | O6: =VLOOKUP(L6&"",Tablas!$A$4:$F$12,3,FALSE) | P6: =VLOOKUP(L6&"",Tablas!$A$4:$F$12,5,FALSE) | Q6: =J6/K6 | R6: =IF(AND(K6>=J6,K6<=P6),"Cumple","Revisar") | S6: =IF(D6="A",I6,IF(D6="AB",I6/2,0)) | T6: =IF(D6="B",I6,IF(D6="AB",I6/2,0)) | U6: 22.54 | V6: =VLOOKUP(L6&"",Tablas!$A$4:$F$12,6,FALSE) | W6: =200*J6*V6/1000*U6/C6 | X6: =W6+Acometida!$B$10 | Y6: =IF(X6<=5,"Cumple","Revisar")
A7: C3 | B7: Tomas alcobas y exterior posterior | C7: 120 | D7: A | E7: 10 | F7: 180 | G7: 0 | H7: 0 | I7: =MAX(E7*F7+G7,H7) | J7: =I7/C7 | K7: 20 | L7: 12 | M7: 12 | N7: 1/2 | O7: =VLOOKUP(L7&"",Tablas!$A$4:$F$12,3,FALSE) | P7: =VLOOKUP(L7&"",Tablas!$A$4:$F$12,5,FALSE) | Q7: =J7/K7 | R7: =IF(AND(K7>=J7,K7<=P7),"Cumple","Revisar") | S7: =IF(D7="A",I7,IF(D7="AB",I7/2,0)) | T7: =IF(D7="B",I7,IF(D7="AB",I7/2,0)) | U7: 16.12 | V7: =VLOOKUP(L7&"",Tablas!$A$4:$F$12,6,FALSE) | W7: =200*J7*V7/1000*U7/C7 | X7: =W7+Acometida!$B$10 | Y7: =IF(X7<=5,"Cumple","Revisar")
A8: C4 | B8: Pequeños artefactos de cocina 1 | C8: 120 | D8: B | E8: 3 | F8: 180 | G8: 0 | H8: 1500 | I8: =MAX(E8*F8+G8,H8) | J8: =I8/C8 | K8: 20 | L8: 12 | M8: 12 | N8: 1/2 | O8: =VLOOKUP(L8&"",Tablas!$A$4:$F$12,3,FALSE) | P8: =VLOOKUP(L8&"",Tablas!$A$4:$F$12,5,FALSE) | Q8: =J8/K8 | R8: =IF(AND(K8>=J8,K8<=P8),"Cumple","Revisar") | S8: =IF(D8="A",I8,IF(D8="AB",I8/2,0)) | T8: =IF(D8="B",I8,IF(D8="AB",I8/2,0)) | U8: 15.67 | V8: =VLOOKUP(L8&"",Tablas!$A$4:$F$12,6,FALSE) | W8: =200*J8*V8/1000*U8/C8 | X8: =W8+Acometida!$B$10 | Y8: =IF(X8<=5,"Cumple","Revisar")
A9: C5 | B9: Pequeños artefactos de cocina 2 y nevera | C9: 120 | D9: B | E9: 5 | F9: 180 | G9: 0 | H9: 1500 | I9: =MAX(E9*F9+G9,H9) | J9: =I9/C9 | K9: 20 | L9: 12 | M9: 12 | N9: 1/2 | O9: =VLOOKUP(L9&"",Tablas!$A$4:$F$12,3,FALSE) | P9: =VLOOKUP(L9&"",Tablas!$A$4:$F$12,5,FALSE) | Q9: =J9/K9 | R9: =IF(AND(K9>=J9,K9<=P9),"Cumple","Revisar") | S9: =IF(D9="A",I9,IF(D9="AB",I9/2,0)) | T9: =IF(D9="B",I9,IF(D9="AB",I9/2,0)) | U9: 11.47 | V9: =VLOOKUP(L9&"",Tablas!$A$4:$F$12,6,FALSE) | W9: =200*J9*V9/1000*U9/C9 | X9: =W9+Acometida!$B$10 | Y9: =IF(X9<=5,"Cumple","Revisar")
A10: C6 | B10: Patio de ropas: lavadora y plancha | C10: 120 | D10: B | E10: 2 | F10: 180 | G10: 0 | H10: 1500 | I10: =MAX(E10*F10+G10,H10) | J10: =I10/C10 | K10: 20 | L10: 12 | M10: 12 | N10: 1/2 | O10: =VLOOKUP(L10&"",Tablas!$A$4:$F$12,3,FALSE) | P10: =VLOOKUP(L10&"",Tablas!$A$4:$F$12,5,FALSE) | Q10: =J10/K10 | R10: =IF(AND(K10>=J10,K10<=P10),"Cumple","Revisar") | S10: =IF(D10="A",I10,IF(D10="AB",I10/2,0)) | T10: =IF(D10="B",I10,IF(D10="AB",I10/2,0)) | U10: 13.55 | V10: =VLOOKUP(L10&"",Tablas!$A$4:$F$12,6,FALSE) | W10: =200*J10*V10/1000*U10/C10 | X10: =W10+Acometida!$B$10 | Y10: =IF(X10<=5,"Cumple","Revisar")
A11: C7 | B11: Ducha eléctrica (circuito exclusivo) | C11: 120 | D11: A | E11: 0 | F11: 180 | G11: 3500 | H11: 0 | I11: =MAX(E11*F11+G11,H11) | J11: =I11/C11 | K11: 30 | L11: 10 | M11: 10 | N11: 1/2 | O11: =VLOOKUP(L11&"",Tablas!$A$4:$F$12,3,FALSE) | P11: =VLOOKUP(L11&"",Tablas!$A$4:$F$12,5,FALSE) | Q11: =J11/K11 | R11: =IF(AND(K11>=J11,K11<=P11),"Cumple","Revisar") | S11: =IF(D11="A",I11,IF(D11="AB",I11/2,0)) | T11: =IF(D11="B",I11,IF(D11="AB",I11/2,0)) | U11: 3.18 | V11: =VLOOKUP(L11&"",Tablas!$A$4:$F$12,6,FALSE) | W11: =200*J11*V11/1000*U11/C11 | X11: =W11+Acometida!$B$10 | Y11: =IF(X11<=5,"Cumple","Revisar")
A12: C8 | B12: Estufa eléctrica 240 V (previsión) | C12: 240 | D12: AB | E12: 0 | F12: 180 | G12: 6000 | H12: 0 | I12: =MAX(E12*F12+G12,H12) | J12: =I12/C12 | K12: 30 | L12: 10 | M12: 10 | N12: 1/2 | O12: =VLOOKUP(L12&"",Tablas!$A$4:$F$12,3,FALSE) | P12: =VLOOKUP(L12&"",Tablas!$A$4:$F$12,5,FALSE) | Q12: =J12/K12 | R12: =IF(AND(K12>=J12,K12<=P12),"Cumple","Revisar") | S12: =IF(D12="A",I12,IF(D12="AB",I12/2,0)) | T12: =IF(D12="B",I12,IF(D12="AB",I12/2,0)) | U12: 8.44 | V12: =VLOOKUP(L12&"",Tablas!$A$4:$F$12,6,FALSE) | W12: =200*J12*V12/1000*U12/C12 | X12: =W12+Acometida!$B$10 | Y12: =IF(X12<=5,"Cumple","Revisar")
A13: C9 | B13: Baño | C13: 120 | D13: A | E13: 1 | F13: 180 | G13: 0 | H13: 0 | I13: =MAX(E13*F13+G13,H13) | J13: =I13/C13 | K13: 20 | L13: 12 | M13: 12 | N13: 1/2 | O13: =VLOOKUP(L13&"",Tablas!$A$4:$F$12,3,FALSE) | P13: =VLOOKUP(L13&"",Tablas!$A$4:$F$12,5,FALSE) | Q13: =J13/K13 | R13: =IF(AND(K13>=J13,K13<=P13),"Cumple","Revisar") | S13: =IF(D13="A",I13,IF(D13="AB",I13/2,0)) | T13: =IF(D13="B",I13,IF(D13="AB",I13/2,0)) | U13: 5.44 | V13: =VLOOKUP(L13&"",Tablas!$A$4:$F$12,6,FALSE) | W13: =200*J13*V13/1000*U13/C13 | X13: =W13+Acometida!$B$10 | Y13: =IF(X13<=5,"Cumple","Revisar")
A14: Totales | I14: =SUM(I5:I13) | S14: =SUM(S5:S13) | T14: =SUM(T5:T13)
R15: Desbalance | S15: =ABS(S14-T14)/(S14+T14)
A16: Las cargas de los circuitos de cocina y ropas usan el mínimo de 1 500 VA (220.52); la caída del ramal supone toda la carga en el punto más lejano. | R16: Neutro (A) | S16: =ABS(S14-T14)/120

Sheet Demanda
A1: Demanda de la vivienda por el método estándar (NTC 2050, artículo 220)
A2: Celdas azules: datos del caso. Celdas negras: fórmulas.
A3: Área construida por caras exteriores (m²) | B3: 82.7225 | C3: 220.12
A4: Carga unitaria de alumbrado (VA/m²) | B4: 33 | C4: Tabla 220.12
A5: Alumbrado y tomas generales (VA) | B5: =B3*B4 | C5: 220.14(J)
A6: Circuitos de pequeños artefactos (n) | B6: 2 | C6: 210.11(C)(1)
A7: VA por circuito de pequeños artefactos | B7: 1500 | C7: 220.52(A)
A8: Circuitos de lavandería (n) | B8: 1 | C8: 210.11(C)(2)
A9: VA por circuito de lavandería | B9: 1500 | C9: 220.52(B)
A10: Subtotal sujeto a factores (VA) | B10: =B5+B6*B7+B8*B9
A11: Primeros 3 000 VA al 100 % | B11: =MIN(B10,3000) | C11: Tabla 220.42
A12: De 3 001 a 120 000 VA al 35 % | B12: =MAX(MIN(B10,120000)-3000,0)*0.35 | C12: Tabla 220.42
A13: Más de 120 000 VA al 25 % | B13: =MAX(B10-120000,0)*0.25 | C13: Tabla 220.42
A14: Estufa eléctrica: potencia de placa (kW) | B14: 6
A15: Demanda de la estufa (VA) | B15: =IF(B14=0,0,IF(B14<=8.75,0.8*B14*1000,IF(B14<=12,8000,8000*(1+0.05*ROUNDUP(B14-12,0))))) | C15: Tabla 220.55, nota 3
A16: Artefactos fijos: potencia total (W) | B16: 3500
A17: Número de artefactos fijos | B17: 1
A18: Demanda de artefactos fijos (VA) | B18: =B16*IF(B17>=4,0.75,1) | C18: 220.53
A19: Demanda total (VA) | B19: =B11+B12+B13+B15+B18
A20: Corriente de demanda a 240 V (A) | B20: =B19/240

Sheet Acometida
A1: Acometida y alimentador del tablero general
A3: Corriente de demanda (A) | B3: =Demanda!B20
A4: Calibre de cobre (AWG) | B4: 6 | C4: RETIE Título 26 d
A5: Capacidad a 60 °C (A) | B5: =VLOOKUP(B4&"",Tablas!$A$4:$F$12,3,FALSE) | C5: Tabla 310.15(B)(16)
A6: ¿Capacidad ≥ corriente de demanda? | B6: =IF(B5>=B3,"Cumple","Revisar")
A7: Totalizador (A) | B7: =VLOOKUP(B4&"",Tablas!$A$4:$F$12,5,FALSE) | C7: 240.4(B)
A8: Longitud medidor–tablero con bajantes (m) | B8: 9.79 | C8: Medida en el modelo
A9: Resistencia del conductor a 75 °C (Ω/km) | B9: =VLOOKUP(B4&"",Tablas!$A$4:$F$12,6,FALSE)
A10: Caída de tensión (%) | B10: =200*B3*B9/1000*B8/240
A11: ¿Caída ≤ 3 %? | B11: =IF(B10<=3,"Cumple","Revisar") | C11: Criterio de la guía
A12: Capacidad instalable (kVA) | B12: =B5*240/1000 | C12: RETIE Libro 1

Sheet Tablas
A1: Tablas de conductores de cobre THHN/THWN-2
A3: AWG | B3: Área (mm²) | C3: Iz 60 °C (A) | D3: Iz 75 °C (A) | E3: Protección máx. (A) | F3: R Cu 75 °C (Ω/km) | G3: Fuente
A4: 14 | B4: 2.081 | C4: 15 | D4: 20 | E4: 15 | F4: 10.076 | G4: Capacidad: NTC 2050, Tabla 310.15(B)(16), columnas de 60 °C y 75 °C.
A5: 12 | B5: 3.309 | C5: 20 | D5: 25 | E5: 20 | F5: 6.337 | G5: Protección máxima: 240.4(D) para 14, 12 y 10 AWG; 240.4(B) para los demás.
A6: 10 | B6: 5.261 | C6: 30 | D6: 35 | E6: 30 | F6: 3.985 | G6: Resistencia: calculada a 75 °C con ρ(20 °C) = 0,017241 Ω·mm²/m.
A7: 8 | B7: 8.366 | C7: 40 | D7: 50 | E7: 40 | F7: 2.557 | G7: Verifique los valores en la NTC 2050 oficial antes de usarlos en un diseño.
A8: 6 | B8: 13.302 | C8: 55 | D8: 65 | E8: 60 | F8: 1.608
A9: 4 | B9: 21.151 | C9: 70 | D9: 85 | E9: 70 | F9: 1.011
A10: 3 | B10: 26.67 | C10: 85 | D10: 100 | E10: 90 | F10: 0.802
A11: 2 | B11: 33.631 | C11: 95 | D11: 115 | E11: 100 | F11: 0.636
A12: 1 | B12: 42.408 | C12: 110 | D12: 130 | E12: 110 | F12: 0.504
